pref,city,2025-11-03
茨城県,茨城県,1076
茨城県,水戸市,92
茨城県,日立市,34
茨城県,土浦市,63
茨城県,古河市,22
茨城県,石岡市,31
茨城県,結城市,7
茨城県,龍ケ崎市,36
茨城県,下妻市,15
茨城県,常総市,22
茨城県,常陸太田市,10
茨城県,高萩市,6
茨城県,北茨城市,12
茨城県,笠間市,17
茨城県,取手市,43
茨城県,牛久市,45
茨城県,つくば市,176
茨城県,ひたちなか市,45
茨城県,鹿嶋市,45
茨城県,潮来市,11
茨城県,守谷市,37
茨城県,常陸大宮市,9
茨城県,那珂市,11
茨城県,筑西市,30
茨城県,坂東市,22
茨城県,稲敷市,15
茨城県,かすみがうら市,11
茨城県,桜川市,9
茨城県,神栖市,36
茨城県,行方市,14
茨城県,鉾田市,16
茨城県,つくばみらい市,46
茨城県,小美玉市,22
茨城県,東茨城郡茨城町,9
茨城県,東茨城郡大洗町,4
茨城県,東茨城郡城里町,3
茨城県,那珂郡東海村,7
茨城県,久慈郡大子町,5
茨城県,稲敷郡美浦村,4
茨城県,稲敷郡阿見町,15
茨城県,稲敷郡河内町,1
茨城県,結城郡八千代町,12
茨城県,猿島郡五霞町,3
茨城県,猿島郡境町,3
栃木県,栃木県,712
栃木県,宇都宮市,182
栃木県,足利市,40
栃木県,栃木市,23
栃木県,佐野市,31
栃木県,鹿沼市,7
栃木県,日光市,43
栃木県,小山市,53
栃木県,真岡市,20
栃木県,大田原市,30
栃木県,矢板市,12
栃木県,那須塩原市,61
栃木県,さくら市,18
栃木県,那須烏山市,12
栃木県,下野市,13
栃木県,河内郡上三川町,15
栃木県,芳賀郡益子町,19
栃木県,芳賀郡茂木町,6
栃木県,芳賀郡市貝町,7
栃木県,芳賀郡芳賀町,6
栃木県,下都賀郡壬生町,10
栃木県,下都賀郡野木町,12
栃木県,塩谷郡塩谷町,3
栃木県,塩谷郡高根沢町,16
栃木県,那須郡那須町,70
栃木県,那須郡那珂川町,3
群馬県,群馬県,604
群馬県,前橋市,108
群馬県,高崎市,130
群馬県,桐生市,43
群馬県,伊勢崎市,73
群馬県,太田市,55
群馬県,沼田市,14
群馬県,館林市,14
群馬県,渋川市,16
群馬県,藤岡市,13
群馬県,富岡市,7
群馬県,安中市,17
群馬県,みどり市,12
群馬県,北群馬郡榛東村,6
群馬県,北群馬郡吉岡町,7
群馬県,甘楽郡下仁田町,1
群馬県,甘楽郡甘楽町,3
群馬県,吾妻郡中之条町,5
群馬県,吾妻郡長野原町,2
群馬県,吾妻郡嬬恋村,13
群馬県,吾妻郡草津町,5
群馬県,吾妻郡高山村,2
群馬県,吾妻郡東吾妻町,3
群馬県,利根郡片品村,5
群馬県,利根郡昭和村,2
群馬県,利根郡みなかみ町,18
群馬県,佐波郡玉村町,14
群馬県,邑楽郡板倉町,1
群馬県,邑楽郡明和町,1
群馬県,邑楽郡千代田町,1
群馬県,邑楽郡大泉町,11
群馬県,邑楽郡邑楽町,2
埼玉県,埼玉県,2786
埼玉県,さいたま市西区,38
埼玉県,さいたま市北区,46
埼玉県,さいたま市大宮区,97
埼玉県,さいたま市見沼区,63
埼玉県,さいたま市中央区,27
埼玉県,さいたま市桜区,40
埼玉県,さいたま市浦和区,99
埼玉県,さいたま市南区,69
埼玉県,さいたま市緑区,37
埼玉県,さいたま市岩槻区,50
埼玉県,川越市,164
埼玉県,熊谷市,68
埼玉県,川口市,195
埼玉県,行田市,26
埼玉県,秩父市,31
埼玉県,所沢市,140
埼玉県,飯能市,24
埼玉県,加須市,20
埼玉県,本庄市,21
埼玉県,東松山市,44
埼玉県,春日部市,100
埼玉県,狭山市,43
埼玉県,羽生市,18
埼玉県,鴻巣市,33
埼玉県,深谷市,52
埼玉県,上尾市,58
埼玉県,草加市,108
埼玉県,越谷市,137
埼玉県,蕨市,22
埼玉県,戸田市,41
埼玉県,入間市,43
埼玉県,朝霞市,50
埼玉県,志木市,28
埼玉県,和光市,28
埼玉県,新座市,49
埼玉県,桶川市,32
埼玉県,久喜市,80
埼玉県,北本市,33
埼玉県,八潮市,25
埼玉県,富士見市,35
埼玉県,三郷市,64
埼玉県,蓮田市,19
埼玉県,坂戸市,27
埼玉県,幸手市,22
埼玉県,鶴ヶ島市,23
埼玉県,日高市,28
埼玉県,吉川市,33
埼玉県,ふじみ野市,38
埼玉県,白岡市,35
埼玉県,北足立郡伊奈町,22
埼玉県,入間郡三芳町,6
埼玉県,入間郡毛呂山町,8
埼玉県,入間郡越生町,6
埼玉県,比企郡滑川町,8
埼玉県,比企郡嵐山町,7
埼玉県,比企郡小川町,11
埼玉県,比企郡川島町,4
埼玉県,比企郡吉見町,16
埼玉県,比企郡鳩山町,3
埼玉県,比企郡ときがわ町,14
埼玉県,秩父郡横瀬町,3
埼玉県,秩父郡皆野町,5
埼玉県,秩父郡長瀞町,3
埼玉県,秩父郡小鹿野町,3
埼玉県,秩父郡東秩父村,2
埼玉県,児玉郡美里町,4
埼玉県,児玉郡神川町,2
埼玉県,児玉郡上里町,5
埼玉県,大里郡寄居町,14
埼玉県,南埼玉郡宮代町,12
埼玉県,北葛飾郡杉戸町,13
埼玉県,北葛飾郡松伏町,12
千葉県,千葉県,2893
千葉県,千葉市中央区,108
千葉県,千葉市花見川区,47
千葉県,千葉市稲毛区,48
千葉県,千葉市若葉区,59
千葉県,千葉市緑区,54
千葉県,千葉市美浜区,53
千葉県,銚子市,16
千葉県,市川市,250
千葉県,船橋市,261
千葉県,館山市,32
千葉県,木更津市,61
千葉県,松戸市,227
千葉県,野田市,66
千葉県,茂原市,52
千葉県,成田市,50
千葉県,佐倉市,63
千葉県,東金市,26
千葉県,旭市,34
千葉県,習志野市,67
千葉県,柏市,243
千葉県,勝浦市,6
千葉県,市原市,107
千葉県,流山市,110
千葉県,八千代市,94
千葉県,我孫子市,75
千葉県,鴨川市,21
千葉県,鎌ケ谷市,34
千葉県,君津市,36
千葉県,富津市,35
千葉県,浦安市,59
千葉県,四街道市,34
千葉県,袖ケ浦市,39
千葉県,八街市,31
千葉県,印西市,73
千葉県,白井市,22
千葉県,富里市,28
千葉県,南房総市,42
千葉県,匝瑳市,15
千葉県,香取市,18
千葉県,山武市,20
千葉県,いすみ市,33
千葉県,大網白里市,31
千葉県,印旛郡酒々井町,7
千葉県,印旛郡栄町,6
千葉県,香取郡神崎町,3
千葉県,香取郡多古町,8
千葉県,香取郡東庄町,9
千葉県,山武郡九十九里町,11
千葉県,山武郡芝山町,3
千葉県,山武郡横芝光町,15
千葉県,長生郡一宮町,20
千葉県,長生郡睦沢町,2
千葉県,長生郡長生村,9
千葉県,長生郡白子町,7
千葉県,長生郡長柄町,6
千葉県,長生郡長南町,1
千葉県,夷隅郡大多喜町,3
千葉県,夷隅郡御宿町,2
千葉県,安房郡鋸南町,1
東京都,東京都,9841
東京都,千代田区,265
東京都,中央区,446
東京都,港区,648
東京都,新宿区,634
東京都,文京区,132
東京都,台東区,256
東京都,墨田区,197
東京都,江東区,216
東京都,品川区,291
東京都,目黒区,258
東京都,大田区,331
東京都,世田谷区,700
東京都,渋谷区,491
東京都,中野区,204
東京都,杉並区,407
東京都,豊島区,291
東京都,北区,161
東京都,荒川区,109
東京都,板橋区,270
東京都,練馬区,315
東京都,足立区,248
東京都,葛飾区,193
東京都,江戸川区,266
東京都,八王子市,392
東京都,立川市,145
東京都,武蔵野市,193
東京都,三鷹市,92
東京都,青梅市,56
東京都,府中市,128
東京都,昭島市,39
東京都,調布市,152
東京都,町田市,290
東京都,小金井市,50
東京都,小平市,73
東京都,日野市,91
東京都,東村山市,74
東京都,国分寺市,76
東京都,国立市,72
東京都,福生市,28
東京都,狛江市,52
東京都,東大和市,27
東京都,清瀬市,29
東京都,東久留米市,33
東京都,武蔵村山市,35
東京都,多摩市,97
東京都,稲城市,49
東京都,羽村市,32
東京都,あきる野市,34
東京都,西東京市,116
東京都,西多摩郡瑞穂町,13
東京都,西多摩郡日の出町,7
東京都,西多摩郡檜原村,1
東京都,大島町,4
東京都,新島村,2
東京都,神津島村,18
東京都,三宅島三宅村,1
東京都,八丈島八丈町,3
東京都,小笠原村,8
神奈川県,神奈川県,4480
神奈川県,横浜市鶴見区,107
神奈川県,横浜市神奈川区,84
神奈川県,横浜市西区,76
神奈川県,横浜市中区,215
神奈川県,横浜市南区,63
神奈川県,横浜市保土ケ谷区,80
神奈川県,横浜市磯子区,44
神奈川県,横浜市金沢区,57
神奈川県,横浜市港北区,168
神奈川県,横浜市戸塚区,95
神奈川県,横浜市港南区,87
神奈川県,横浜市旭区,92
神奈川県,横浜市緑区,95
神奈川県,横浜市瀬谷区,44
神奈川県,横浜市栄区,35
神奈川県,横浜市泉区,34
神奈川県,横浜市青葉区,165
神奈川県,横浜市都筑区,136
神奈川県,川崎市川崎区,126
神奈川県,川崎市幸区,56
神奈川県,川崎市中原区,151
神奈川県,川崎市高津区,108
神奈川県,川崎市多摩区,108
神奈川県,川崎市宮前区,105
神奈川県,川崎市麻生区,60
神奈川県,相模原市緑区,85
神奈川県,相模原市中央区,136
神奈川県,相模原市南区,144
神奈川県,横須賀市,208
神奈川県,平塚市,123
神奈川県,鎌倉市,127
神奈川県,藤沢市,237
神奈川県,小田原市,101
神奈川県,茅ヶ崎市,106
神奈川県,逗子市,43
神奈川県,三浦市,10
神奈川県,秦野市,78
神奈川県,厚木市,109
神奈川県,大和市,150
神奈川県,伊勢原市,76
神奈川県,海老名市,67
神奈川県,座間市,57
神奈川県,南足柄市,10
神奈川県,綾瀬市,22
神奈川県,三浦郡葉山町,39
神奈川県,高座郡寒川町,19
神奈川県,中郡大磯町,9
神奈川県,中郡二宮町,14
神奈川県,足柄上郡中井町,2
神奈川県,足柄上郡大井町,3
神奈川県,足柄上郡松田町,5
神奈川県,足柄上郡山北町,3
神奈川県,足柄上郡開成町,5
神奈川県,足柄下郡箱根町,68
神奈川県,足柄下郡真鶴町,5
神奈川県,足柄下郡湯河原町,11
神奈川県,愛甲郡愛川町,16
神奈川県,愛甲郡清川村,1
山梨県,山梨県,355
山梨県,甲府市,77
山梨県,富士吉田市,16
山梨県,都留市,11
山梨県,山梨市,3
山梨県,大月市,11
山梨県,韮崎市,9
山梨県,南アルプス市,23
山梨県,北杜市,26
山梨県,甲斐市,28
山梨県,笛吹市,27
山梨県,上野原市,14
山梨県,甲州市,13
山梨県,中央市,13
山梨県,南巨摩郡身延町,2
山梨県,南巨摩郡富士川町,2
山梨県,中巨摩郡昭和町,18
山梨県,南都留郡道志村,1
山梨県,南都留郡忍野村,2
山梨県,南都留郡山中湖村,12
山梨県,南都留郡鳴沢村,5
山梨県,南都留郡富士河口湖町,42
