pref,city,2026-02-26
滋賀県,滋賀県,279
滋賀県,大津市,83
滋賀県,彦根市,30
滋賀県,長浜市,10
滋賀県,近江八幡市,15
滋賀県,草津市,41
滋賀県,守山市,27
滋賀県,栗東市,10
滋賀県,甲賀市,15
滋賀県,野洲市,9
滋賀県,湖南市,9
滋賀県,高島市,9
滋賀県,東近江市,17
滋賀県,蒲生郡日野町,1
滋賀県,蒲生郡竜王町,1
滋賀県,愛知郡愛荘町,2
京都府,京都府,954
京都府,京都市北区,46
京都府,京都市上京区,40
京都府,京都市左京区,56
京都府,京都市中京区,165
京都府,京都市東山区,55
京都府,京都市下京区,103
京都府,京都市南区,40
京都府,京都市右京区,58
京都府,京都市伏見区,86
京都府,京都市山科区,33
京都府,京都市西京区,40
京都府,福知山市,17
京都府,舞鶴市,24
京都府,綾部市,4
京都府,宇治市,37
京都府,宮津市,3
京都府,亀岡市,13
京都府,城陽市,13
京都府,向日市,11
京都府,長岡京市,23
京都府,八幡市,9
京都府,京田辺市,17
京都府,京丹後市,17
京都府,南丹市,8
京都府,木津川市,16
京都府,乙訓郡大山崎町,3
京都府,久世郡久御山町,7
京都府,相楽郡精華町,3
京都府,与謝郡伊根町,1
京都府,与謝郡与謝野町,6
大阪府,大阪府,5010
大阪府,大阪市都島区,109
大阪府,大阪市福島区,72
大阪府,大阪市此花区,21
大阪府,大阪市西区,135
大阪府,大阪市港区,31
大阪府,大阪市大正区,25
大阪府,大阪市天王寺区,84
大阪府,大阪市浪速区,74
大阪府,大阪市西淀川区,25
大阪府,大阪市東淀川区,83
大阪府,大阪市東成区,61
大阪府,大阪市生野区,48
大阪府,大阪市旭区,59
大阪府,大阪市城東区,77
大阪府,大阪市阿倍野区,80
大阪府,大阪市住吉区,99
大阪府,大阪市東住吉区,54
大阪府,大阪市西成区,31
大阪府,大阪市淀川区,142
大阪府,大阪市鶴見区,42
大阪府,大阪市住之江区,29
大阪府,大阪市平野区,45
大阪府,大阪市北区,455
大阪府,大阪市中央区,534
大阪府,堺市堺区,113
大阪府,堺市中区,52
大阪府,堺市東区,39
大阪府,堺市西区,62
大阪府,堺市南区,34
大阪府,堺市北区,86
大阪府,堺市美原区,21
大阪府,岸和田市,55
大阪府,豊中市,196
大阪府,池田市,75
大阪府,吹田市,179
大阪府,泉大津市,26
大阪府,高槻市,173
大阪府,貝塚市,32
大阪府,守口市,51
大阪府,枚方市,155
大阪府,茨木市,117
大阪府,八尾市,130
大阪府,泉佐野市,47
大阪府,富田林市,23
大阪府,寝屋川市,95
大阪府,河内長野市,36
大阪府,松原市,42
大阪府,大東市,37
大阪府,和泉市,58
大阪府,箕面市,99
大阪府,柏原市,16
大阪府,羽曳野市,23
大阪府,門真市,60
大阪府,摂津市,30
大阪府,高石市,27
大阪府,藤井寺市,14
大阪府,東大阪市,232
大阪府,泉南市,27
大阪府,四條畷市,17
大阪府,交野市,26
大阪府,大阪狭山市,25
大阪府,阪南市,17
大阪府,三島郡島本町,8
大阪府,豊能郡豊能町,4
大阪府,豊能郡能勢町,5
大阪府,泉北郡忠岡町,1
大阪府,泉南郡熊取町,16
大阪府,泉南郡田尻町,2
大阪府,泉南郡岬町,7
大阪府,南河内郡太子町,1
大阪府,南河内郡河南町,3
大阪府,南河内郡千早赤阪村,1
兵庫県,兵庫県,1825
兵庫県,神戸市東灘区,96
兵庫県,神戸市灘区,82
兵庫県,神戸市兵庫区,55
兵庫県,神戸市長田区,44
兵庫県,神戸市須磨区,49
兵庫県,神戸市垂水区,60
兵庫県,神戸市北区,67
兵庫県,神戸市中央区,337
兵庫県,神戸市西区,59
兵庫県,姫路市,108
兵庫県,尼崎市,133
兵庫県,明石市,84
兵庫県,西宮市,168
兵庫県,洲本市,20
兵庫県,芦屋市,44
兵庫県,伊丹市,53
兵庫県,相生市,2
兵庫県,豊岡市,11
兵庫県,加古川市,45
兵庫県,赤穂市,4
兵庫県,西脇市,7
兵庫県,宝塚市,93
兵庫県,三木市,13
兵庫県,高砂市,13
兵庫県,川西市,41
兵庫県,小野市,6
兵庫県,三田市,30
兵庫県,加西市,5
兵庫県,丹波篠山市,3
兵庫県,養父市,1
兵庫県,丹波市,10
兵庫県,南あわじ市,8
兵庫県,朝来市,6
兵庫県,淡路市,9
兵庫県,宍粟市,4
兵庫県,加東市,4
兵庫県,たつの市,8
兵庫県,川辺郡猪名川町,12
兵庫県,加古郡稲美町,4
兵庫県,加古郡播磨町,5
兵庫県,神崎郡福崎町,5
兵庫県,揖保郡太子町,9
兵庫県,赤穂郡上郡町,2
兵庫県,佐用郡佐用町,5
兵庫県,美方郡新温泉町,1
奈良県,奈良県,340
奈良県,奈良市,123
奈良県,大和高田市,13
奈良県,大和郡山市,19
奈良県,天理市,11
奈良県,橿原市,40
奈良県,桜井市,11
奈良県,五條市,4
奈良県,御所市,4
奈良県,生駒市,35
奈良県,香芝市,29
奈良県,葛城市,9
奈良県,宇陀市,2
奈良県,生駒郡平群町,3
奈良県,生駒郡三郷町,4
奈良県,生駒郡斑鳩町,8
奈良県,生駒郡安堵町,1
奈良県,磯城郡田原本町,5
奈良県,高市郡明日香村,1
奈良県,北葛城郡上牧町,6
奈良県,北葛城郡王寺町,3
奈良県,北葛城郡広陵町,5
奈良県,北葛城郡河合町,2
奈良県,吉野郡大淀町,2
和歌山県,和歌山県,320
和歌山県,和歌山市,180
和歌山県,海南市,18
和歌山県,橋本市,16
和歌山県,有田市,4
和歌山県,御坊市,4
和歌山県,田辺市,13
和歌山県,新宮市,4
和歌山県,紀の川市,19
和歌山県,岩出市,29
和歌山県,海草郡紀美野町,2
和歌山県,伊都郡かつらぎ町,4
和歌山県,伊都郡九度山町,1
和歌山県,有田郡湯浅町,2
和歌山県,有田郡広川町,1
和歌山県,有田郡有田川町,4
和歌山県,日高郡美浜町,1
和歌山県,日高郡みなべ町,2
和歌山県,西牟婁郡白浜町,6
和歌山県,西牟婁郡上富田町,3
和歌山県,西牟婁郡すさみ町,1
和歌山県,東牟婁郡那智勝浦町,2
和歌山県,東牟婁郡太地町,1
和歌山県,東牟婁郡串本町,3
